{
  "system_name": "ESIndex-v1.0",
  "dataset": "wikipedia",
  "document_count": 50000,
  "index_name": "esindex-v1.0",
  "timestamp": "2025-10-22T03:48:32.954049",
  "metrics": {
    "latency": {
      "p50": 15.777111053466797,
      "p90": 19.660329818725586,
      "p95": 20.021820068359375,
      "p99": 22.25048542022705,
      "mean": 14.366404954777208,
      "min": 3.539562225341797,
      "max": 22.594451904296875,
      "total_queries": 43
    },
    "throughput": {
      "single_thread_qps": 57.367728774183405,
      "multi_thread_qps": 296.8755632645647,
      "speedup_factor": 5.174957586924105,
      "thread_count": 4,
      "test_duration": 30,
      "total_queries": 10633
    },
    "memory": {
      "process_memory_mb": 3922.875,
      "process_memory_percent": 25.02160802580256,
      "system_total_gb": 15.310497283935547,
      "system_available_gb": 1.2440185546875,
      "system_usage_percent": 91.9,
      "index_size_mb": 141.9653673171997,
      "index_document_count": 50000,
      "index_deleted_docs": 0,
      "avg_doc_size_kb": 2.90745072265625,
      "documents_per_mb": 352.1985745177041,
      "peak_memory_mb": 3921.08984375,
      "average_memory_mb": 3916.763624237805,
      "min_memory_mb": 3915.96484375,
      "memory_growth_mb": 5.125
    },
    "functional": {
      "mean_average_precision": 0.05,
      "mean_f1_score": 0.09523809523809523,
      "coverage_rate": 1.0
    }
  }
}