{
  "system_name": "ESIndex-v1.0",
  "dataset": "wikipedia",
  "document_count": 50000,
  "index_name": "esindex-v1.0",
  "timestamp": "2025-10-22T01:07:05.740157",
  "metrics": {
    "latency": {
      "p50": 9.490728378295898,
      "p90": 10.77103614807129,
      "p95": 11.04423999786377,
      "p99": 12.782044410705561,
      "mean": 8.496389832607536,
      "min": 2.1135807037353516,
      "max": 13.982772827148438,
      "total_queries": 43
    },
    "throughput": {
      "single_thread_qps": 161.163748971461,
      "multi_thread_qps": 432.53444818503704,
      "speedup_factor": 2.683819723389722,
      "thread_count": 4,
      "test_duration": 30,
      "total_queries": 17819
    },
    "memory": {
      "process_memory_mb": 3499.40234375,
      "process_memory_percent": 22.320536282672094,
      "system_total_gb": 15.310497283935547,
      "system_available_gb": 2.5951385498046875,
      "system_usage_percent": 83.0,
      "index_size_mb": 140.67720222473145,
      "index_document_count": 50000,
      "index_deleted_docs": 0,
      "avg_doc_size_kb": 2.8810691015625,
      "documents_per_mb": 355.423616686129,
      "peak_memory_mb": 3499.40234375,
      "average_memory_mb": 3493.0042854975727,
      "min_memory_mb": 3492.52734375,
      "memory_growth_mb": 6.875
    },
    "functional": {
      "mean_average_precision": 0.05,
      "mean_f1_score": 0.09523809523809523,
      "coverage_rate": 1.0
    }
  }
}