{
  "system_name": "ESIndex-v1.0",
  "dataset": "wikipedia",
  "document_count": 50000,
  "index_name": "esindex-v1.0",
  "timestamp": "2025-10-09T15:04:28.161874",
  "metrics": {
    "latency": {
      "p50": 12.664318084716797,
      "p90": 17.540264129638672,
      "p95": 18.878555297851562,
      "p99": 26.138539314270012,
      "mean": 12.567010036734647,
      "min": 3.3338069915771484,
      "max": 28.119325637817383,
      "total_queries": 43
    },
    "throughput": {
      "single_thread_qps": 91.626195717093,
      "multi_thread_qps": 375.91343730560783,
      "speedup_factor": 4.102685202235027,
      "thread_count": 4,
      "test_duration": 30,
      "total_queries": 14040
    },
    "memory": {
      "process_memory_mb": 2790.921875,
      "process_memory_percent": 17.80157934837802,
      "system_total_gb": 15.310493469238281,
      "system_available_gb": 1.9126930236816406,
      "system_usage_percent": 87.5,
      "index_size_mb": 140.90118885040283,
      "index_document_count": 50000,
      "index_deleted_docs": 0,
      "avg_doc_size_kb": 2.88565634765625,
      "documents_per_mb": 354.85860983817423,
      "peak_memory_mb": 3781.93359375,
      "average_memory_mb": 3639.58068647541,
      "min_memory_mb": 2786.93359375,
      "memory_growth_mb": -991.73046875
    },
    "functional": {
      "mean_average_precision": 0.05,
      "mean_f1_score": 0.09523809523809523,
      "coverage_rate": 1.0
    }
  },
  "final_grade": 75.0
}