{
  "config": {
    "doc_size": 50000,
    "index_type": "BOOLEAN",
    "datastore": "CUSTOM",
    "compression": "NONE",
    "query_proc": "TERMatat",
    "optimization": "Null"
  },
  "metrics": {
    "latency": {
      "mean": 50.675489685752176,
      "p50": 32.91463851928711,
      "p90": 127.80830860137952,
      "p95": 223.65592718124395,
      "p99": 243.82757186889648,
      "min": 0.06985664367675781,
      "max": 254.1337013244629,
      "total_queries": 44,
      "successful_queries": 44,
      "category_breakdown": {
        "single_term": {
          "mean": 26.041001081466675,
          "p95": 47.45086431503295
        },
        "multi_term": {
          "mean": 70.28520107269287,
          "p95": 123.29047918319702
        },
        "phrase_queries": {
          "mean": 46.44982020060221,
          "p95": 85.72173118591309
        },
        "long_queries": {
          "mean": 227.50943899154663,
          "p95": 250.5385398864746
        },
        "rare_terms": {
          "mean": 2.8206507364908853,
          "p95": 7.618725299835205
        },
        "common_terms": {
          "mean": 33.87383619944254,
          "p95": 61.34980916976929
        },
        "boolean_queries": {
          "mean": 38.021230697631836,
          "p95": 60.2264404296875
        },
        "empty_no_results": {
          "mean": 0.22419293721516928,
          "p95": 0.46844482421874994
        }
      }
    },
    "throughput": {
      "queries_per_second": 20.663896473375274,
      "total_queries": 207,
      "duration_seconds": 10.01747179031372
    },
    "memory": {
      "index_size_mb": 344.8815031051636,
      "creation_memory_mb": 3688.28515625,
      "docs_per_mb": 144.97733148870458
    },
    "functional": {
      "successful_queries": 38,
      "total_queries": 44,
      "avg_results_per_query": 8.636363636363637
    }
  },
  "index_time": 62.17404580116272
}